{
    "Bat": {
      "health": 10,
      "damage": 1,
      "armour": 0,
      "death": "The bat lies crumpled on the floor",
      "description": "\"I am a Creature from the \ndarkest depths of your mind!\"",
      "attack": "The bat sinks its fangs in to your noggin",
      "model": "Bat.ascii",
      "model_scale": 1.0
      
    },

    "Ork": {
      "health": 15,
      "damage": 1,
      "armour": 2,
      "death": "The ork lays upon the floor in a puddle of its own blood",
      "description": "\"Oi, ya stink get over er \nI'm gonna use you for me\n meat bicycle!\"",
      "attack": "The ork clubs you with his fists",
      "model": "Ork.ascii",
      "model_scale": 1.0
     },

    "Whelp": {
      "health": 12,
      "damage": 1,
      "armour": 1,
      "death": "The Whelp whelps its last",
      "description": "\"Whelp!\"",
      "attack": "It head butts and claws at you",
      "model": "Whelp.ascii",
      "model_scale": 1.0
     },

    "Angron": {
      "health": 20,
      "damage": 1,
      "armour": 1,
      "death": "Still Angry",
      "description": "\"Very Angry\"",
      "attack": "It head butts and claws at you",
      "model": "angron.ascii",
      "model_scale": 1.0
     }

  }

